"y","x1","x2","x3"
17028.1772590199,53.5367790352221,192.995896972881,"A"
16700.7063518965,53.0624802879567,202.658256794536,"C"
18059.031725478,58.6554349649136,199.928552045961,"A"
17982.3767985899,54.636050585627,199.534987339375,"B"
14825.2659412164,50.133839711054,195.991860557609,"B"
11391.7737545322,36.1644003583589,202.699758977145,"B"
12184.1731880917,39.5630614543598,197.428528137743,"A"
11414.2432529357,39.1487195370364,200.124505537644,"A"
13119.0354005887,45.762166420215,205.532125530636,"B"
15644.4303526039,51.9543518417355,200.365597028837,"A"
16058.8125589406,54.5168877480843,200.891673321801,"B"
15908.9175931431,53.8876987250103,197.978424773732,"B"
12030.3477486346,39.3128891366111,201.492522729853,"C"
14619.5389054472,46.9905395160069,198.949972963944,"B"
13840.5394032185,45.4313142302208,198.524728674484,"B"
17461.0450102362,55.8313868099157,201.874659615632,"C"
12505.7712363172,38.466580125586,199.772902673775,"C"
14992.8549402725,46.6447801217413,200.297514695832,"B"
16337.312222585,48.0544142119848,200.181588758479,"B"
16138.0085165862,52.1278033988578,201.034487973373,"A"
18876.4475526084,61.9342931949846,195.341970034536,"A"
17094.4368266559,55.909772992568,199.566925878961,"C"
14589.79820748,47.7061988629556,205.296243139161,"B"
14681.8594762728,52.8256610865061,199.134900262303,"B"
15865.2770194523,50.9185665842149,192.877012886573,"B"
12845.0311712135,43.6102552963265,203.562459981964,"C"
17111.9403319545,54.0231962075839,203.127169691392,"B"
18036.3243019231,56.3329920034675,202.151921157312,"A"
16939.1342468654,53.8204828327361,207.066965993854,"C"
14867.5009713726,49.0138498501189,199.89228482868,"B"
19149.8043293098,60.9089197150868,205.798632562255,"B"
12112.640287886,36.0586108584092,201.053113913187,"B"
11387.3427237175,39.2182052565188,199.040823980892,"A"
15529.7302659386,50.847562243301,198.077072217734,"B"
15638.4982598299,48.6527572450194,201.597426186311,"C"
18741.8582509089,53.8313951284268,206.283349697186,"C"
16701.0262625186,54.4781809044562,198.22927567376,"B"
16527.1239614817,56.4719713698699,198.955404304888,"A"
15382.5830814273,52.9833716543915,197.970387895166,"B"
12924.966893057,42.2339931357344,198.978440830783,"B"
18128.396026843,62.4398116876639,195.237593831226,"C"
16139.5886048771,52.6316520657028,201.448541433927,"A"
12486.3032101815,40.3216472233567,200.299649816434,"A"
17318.1590952858,48.0082438454285,194.145108320441,"A"
15429.4736581572,49.5753777419541,195.454177774525,"A"
22348.1275490733,69.7977298405498,202.322326889925,"B"
16324.2043517253,51.3270982971097,202.544539802454,"C"
17509.851673138,57.693389891199,199.020976663343,"A"
11165.1006056039,50.7036754068289,212.256934976617,"C"
14493.3494078307,47.8965116770207,196.776569861468,"B"
14022.0445211775,52.4820055132103,198.30297082236,"B"
12844.0119143749,41.4373732353956,198.796413784354,"C"
15052.0260835647,49.2334723743439,198.93305861022,"C"
16717.0148597038,47.5817292231192,193.773318694483,"C"
14688.2896429264,49.9793884054672,199.980263110161,"C"
14786.6397633812,49.2078031880801,199.182423209182,"A"
16782.0875646341,54.3877718543734,200.78510018474,"B"
14418.3301117026,45.5938940157162,198.393092986228,"B"
14389.741285723,49.6577697534967,201.148481896224,"B"
14187.8905517845,44.6435076236506,202.32704318075,"A"
14059.7532685374,44.9556713994282,203.301610776167,"A"
12437.6844669995,42.178946065661,200.851987846997,"A"
18975.8832269735,60.5218998900872,201.579371994831,"C"
17189.5165528134,53.9893270031901,202.409871008332,"A"
16756.065121201,53.6559107750575,198.050454272847,"C"
18695.4938976985,58.8242595479983,207.734345154835,"C"
13054.9658639969,43.4170599390249,198.888484789257,"C"
16363.1569376259,47.9627870786252,202.443023991545,"C"
15939.6747897265,52.2951609961003,192.539767245974,"A"
16130.6447163885,52.615412480057,201.77900354654,"B"
14805.16337486,47.4548417357466,202.07011792147,"C"
15000.4048625853,48.4993158193608,201.281058192527,"C"
12766.9641950337,44.770965090987,197.661771564184,"C"
14741.0435194419,48.853479237124,197.428453687382,"C"
14772.0339147646,48.6012846016748,201.560079108664,"A"
19482.1963214524,66.5093875365469,201.703995601467,"B"
13824.6561493955,45.6707729120331,200.863066050325,"B"
14671.5126364463,47.3451615740537,207.952905896455,"B"
19440.9879865395,56.1070192720573,207.363026100474,"B"
15249.1922972497,49.6778058464777,201.029037535603,"B"
16368.4428250017,58.4212008017178,196.066868130938,"B"
17556.4662257783,55.8392778559453,202.052047715785,"B"
16221.6532839146,52.8629403962638,200.004645719131,"A"
11608.233151919,40.7061293960961,196.322844444077,"B"
14593.46931894,47.729366631998,198.418404593148,"B"
11577.877679453,40.8971090598581,197.452360833345,"A"
15379.5522227521,49.2522468732707,202.143836876137,"C"
12405.6352069026,39.6263858921208,197.877397317193,"B"
17775.6890966439,51.7069467752754,195.577176991166,"C"
15390.5091251081,48.7919620228744,202.555721304882,"A"
14701.8539507114,43.4854111741487,197.344335333003,"C"
12934.3416913291,41.3331104910607,200.953534190949,"A"
14905.7035267416,47.6281224749619,196.301811453924,"A"
14494.4106222982,45.4232188057294,206.937860271288,"C"
14314.6492939458,46.1177265185341,201.299046914238,"A"
14264.7107917476,50.1193292586008,191.042570854156,"B"
13391.3852365265,45.3149049383096,198.569584342262,"B"
13231.436809976,45.5554984858102,201.214863983307,"A"
18193.2028842198,52.0294672833878,206.565671203253,"B"
17170.838018969,52.4515476605087,201.916040718479,"B"
16924.9651581051,55.0472610148398,208.369751252283,"B"
14332.3201363351,44.7551384168619,199.565584514801,"A"
17587.804236589,57.9063787990159,197.448309234427,"B"
15177.6582107339,49.1400020580095,198.135091011347,"C"
13359.0699268153,43.8268629663989,201.274269135204,"A"
14249.2293086835,48.5660938527953,202.126694110551,"C"
15589.4365829404,50.3134614962518,199.622960921551,"B"
12218.1511768569,39.3777740044092,200.749310370304,"B"
16393.5251558946,48.2242919811554,195.552895250483,"A"
15913.6875489627,48.9215963957623,200.382948927923,"B"
17595.9279725459,58.2091432916288,200.397673132691,"B"
16107.9827907156,52.2465172993589,200.760650322968,"A"
19507.4094667843,63.7243742643881,200.787714425759,"C"
15764.5653979571,50.2775778712139,204.209421536043,"A"
14494.3195570777,48.4845112102008,198.705748480636,"A"
16612.4577622732,53.4466200386383,201.002363870534,"C"
19823.2152392251,64.2516101647026,200.904018800808,"B"
17943.0896641498,55.5932695403508,200.37565103682,"C"
17806.6067663774,52.687901067733,194.503195102427,"C"
12789.8163107652,41.8047460175361,193.812278299583,"A"
16574.9310287769,50.4433620273461,206.235573264898,"B"
16617.8113287406,51.1580310779222,201.208372289168,"C"
15157.1561294462,51.7956975519172,201.214658965502,"A"
17481.854774309,51.0416705764519,194.482223759555,"B"
15615.7410551034,48.8209025762991,204.083054590393,"A"
12359.9762361167,39.6055292229931,196.428805751911,"B"
14100.9104073228,48.2854975615661,198.102158817047,"A"
17244.5945628831,57.272764090218,202.67812657054,"B"
16172.2833738128,53.3714152600602,198.1567731977,"A"
14518.4906050029,47.3498335583538,204.977181174523,"B"
18122.9992776425,58.9678754825533,203.405156321908,"B"
18403.6121424999,59.5652376075692,199.994183508118,"B"
19358.6709675378,63.2235716623673,198.069559711225,"C"
15627.0911928671,53.815552291711,201.183640852871,"B"
17045.1579404265,50.0077662155125,210.695012082971,"B"
16085.1906395218,51.3141903490712,202.7375584423,"A"
14065.0862907137,45.2501854318173,199.016006393233,"A"
14368.5269348195,44.7977268543296,201.644308830109,"B"
12408.1182644984,44.226179361514,198.846914926241,"B"
14389.5424529238,46.8333012707222,196.524009583157,"A"
18036.9522991051,58.3522894038062,202.310743803427,"B"
17756.495705143,58.5933154710834,199.213208481689,"A"
16711.9098113056,54.8473527766923,197.108521542389,"B"
18264.485149933,50.5864180734402,197.506156326198,"B"
14366.1757847536,45.7126148285536,202.140082715609,"B"
10085.2680137905,35.0749655965657,190.758795057422,"A"
12169.4511387383,39.660277068252,200.002517724971,"B"
16706.4201145643,49.7485319784563,203.104282786886,"B"
15932.2298431204,53.2147687722248,189.760854985733,"A"
14780.7154015989,51.7644351553076,194.197029749414,"A"
14200.0423225214,45.5359271286861,208.187908242466,"C"
14309.4621488774,44.4596319399755,201.198504036009,"B"
13900.129694428,43.0457070383603,202.301075174362,"C"
16333.622725009,50.1126057520392,202.242043870592,"B"
15227.1095242598,50.2815316904343,199.948272434431,"B"
17446.6669424116,57.8556426371551,197.975305501776,"B"
14125.2314220355,45.288228819408,196.339144045062,"B"
14884.7874007304,48.8983117535406,194.430556854915,"B"
13911.4374837577,53.1496934875132,200.686368565435,"B"
17072.0671261438,52.5192315639035,200.508983733042,"A"
12098.1893819011,37.0475666286332,204.779191089736,"B"
11460.7847547125,36.6317142154131,201.784563815929,"C"
15727.9566467874,49.9957717616902,198.299169119094,"A"
12415.9975717295,51.8202430142784,195.251509465252,"B"
15367.0486930058,50.8343122273637,198.278401760871,"C"
14607.3139029342,48.0061095532834,196.152912713296,"C"
16106.4279374426,52.6801119291196,195.773464262328,"B"
14546.910284579,47.888505113913,198.22958218205,"B"
15205.4300951615,47.2625649262364,209.358266409043,"A"
15094.1366842577,48.4915167493769,200.045977528753,"C"
13800.3880508788,47.9130898041932,202.049325547592,"C"
16404.8066871557,52.279253160444,200.152940449116,"A"
16791.601668881,55.4285824178349,200.814235784863,"B"
15554.8494989337,51.529827738679,201.904447686419,"B"
16540.8950339891,52.2881116833316,199.837061837448,"B"
14855.4048553581,49.585014764064,192.572783867413,"B"
15900.6922920665,50.0062480282961,202.083797857526,"B"
18161.4782862061,57.680985131305,202.48376185883,"C"
16759.4113358745,52.2818507944525,200.30029664749,"A"
15752.8537074859,51.2490743915001,202.043789577318,"A"
16034.2186337365,51.9264200796964,193.672128284421,"B"
16674.4675151171,52.8040996218828,199.237539459517,"C"
14749.5244222861,48.6020634867002,201.496631094212,"A"
16575.6318407708,50.8614718950561,201.111095038979,"A"
15961.3479703778,53.2887026250188,200.940044469233,"B"
11171.9183489402,41.9745720491324,186.150262477982,"B"
19037.9249409299,62.718209509323,200.008736645911,"B"
15101.5191559092,52.7241477848013,201.976887111196,"B"
12941.2719428926,47.3540199243147,195.997298496395,"A"
14424.2383445091,44.0267801265458,201.873226631715,"B"
12876.6324959356,42.6398603183625,204.465694172347,"C"
14666.2288255374,46.2613685693406,200.209799930345,"A"
18632.2184381138,60.5366432312329,201.312591981075,"C"
17094.2109954756,54.9209371804859,206.04027879601,"B"
15751.220428073,50.6235510804058,197.796705057412,"C"
17579.1599828531,59.9981586863228,196.994150881713,"A"
14666.4711468045,49.6458820674044,201.653875960516,"A"
13652.008784551,46.2404704573481,197.348485412513,"B"
12671.9726092008,45.8707750889122,194.254596728553,"B"
17373.5724642945,55.3180653500948,198.505665893225,"A"
23156.4239511052,75.6284881413684,198.579689010393,"A"
15488.3787279931,50.0563709529584,199.409864263247,"B"
15428.06732791,46.9080133962574,198.454780538587,"B"
14555.0857336101,50.6914791706115,197.396495751037,"B"
15683.2965815754,48.4775262110447,201.292201077747,"B"
17534.0193259917,54.6794498379506,196.605923066897,"A"
13024.4920896685,42.7884846071711,200.129050910766,"B"
16181.2310105191,52.6914412580902,201.091020411518,"B"
13352.5834490346,50.9657957093783,199.329318742166,"A"
16728.6768690167,53.2069331293541,201.912452981359,"C"
16011.1910151609,53.4025152393903,192.922557605309,"A"
18925.3964353632,60.9757907933561,201.241933805323,"B"
16749.4711980609,56.0290194232317,199.426924510826,"B"
14166.4077404097,51.723862431722,200.43338242633,"B"
14078.3287322901,44.5297191921461,206.080918175485,"B"
15074.9962956109,49.577141472387,200.893716279382,"C"
15941.8917029713,51.7364188707805,205.692173999398,"B"
11632.3134356564,37.6860237672445,198.382414083875,"B"
11116.366623508,49.5477299168477,195.895862874374,"B"
13903.2534518213,44.621241926036,195.10429235792,"A"
15535.4307257788,48.3087508700408,200.734810565018,"B"
15723.9611221971,52.2346670819081,199.952730314566,"A"
17177.5152399819,53.8525992974163,201.022634517386,"A"
16168.7042584897,53.2020700183654,204.514306657805,"A"
15009.8853033821,49.7304175734662,206.377063231736,"C"
12176.9111660886,43.4832033436533,187.868740268604,"C"
15046.6410109669,47.3432591250113,202.777258030592,"C"
15344.0030638384,49.7128646668647,199.833140532127,"B"
14622.7657097442,48.6984983737662,198.845703015745,"C"
14124.9754821284,44.458753901642,196.667169297667,"B"
12891.5662235637,43.4292129928811,199.522225459017,"B"
13533.3484846125,46.5589411293538,196.364498154737,"A"
16903.3363335595,55.5416892227247,200.189189268538,"B"
13885.2702509864,42.7604675256887,196.958699834541,"C"
14242.8881638711,45.2516366374133,201.242898237738,"A"
10365.5676402964,36.1017216812817,197.902702729919,"A"
14560.505939979,48.5619831428125,196.600295110898,"A"
15515.5103449384,50.0553961146277,201.819007478126,"A"
14446.3485380629,49.9184277546569,193.704899439973,"B"
16035.5076424337,50.7047196404805,203.7725816395,"B"
16197.1291905198,54.6469781272415,194.954231331605,"B"
17161.1177629972,56.001017670474,198.061624136163,"A"
15271.8038140271,48.9647360028014,200.241405838326,"C"
15554.6991406851,51.2508515010304,200.873982236339,"A"
17225.7373732825,54.8011509847374,201.081415360427,"B"
17796.1963492834,58.8841764251362,196.391476993639,"B"
15450.3466673836,48.7793812210189,203.473827689956,"B"
14112.9621127548,47.3405618244795,197.412979217632,"C"
14560.1893047572,50.1060398646565,203.563522534423,"A"
13464.7304549603,42.6697082990535,199.320837262973,"C"
15935.3515148446,51.6144615613732,204.889292639556,"C"
13691.3127915454,44.4576351741267,198.076952372015,"A"
17015.3228430141,58.730056924965,198.130874990601,"C"
13399.8144463524,52.1682195079088,203.06458653848,"C"
16440.5107100173,53.1194507770823,200.612610992088,"B"
13722.3174692121,43.6143530547973,201.998235599148,"B"
14980.7415389966,47.5155315078057,199.404210239945,"A"
14366.9302243611,45.0636442080997,197.618304497715,"B"
13928.4791624205,44.0187078580672,202.025794445881,"C"
15579.7992591747,51.2025835781667,194.500192346595,"A"
15891.6492283689,58.2179122604835,196.389986126049,"B"
15205.1255917218,49.3495861513765,199.530694155617,"A"
15499.5502089041,51.7264497866457,201.508316148482,"B"
12108.074677965,45.9125975175125,201.186904006197,"A"
15939.5817442958,51.2306191475933,201.408641219726,"B"
11301.5875113451,39.8172768601284,196.612053398202,"A"
13216.2744003565,40.7154485100123,200.994123584379,"A"
15412.3878518403,49.4918494984702,198.540336438729,"C"
15684.2660982697,50.2856135559689,191.423060071585,"A"
16098.9592834511,53.5788173332391,202.875499105375,"B"
12994.4824445268,44.1867919480356,198.239162494664,"A"
10865.6932421381,36.5796010581982,203.677790169777,"B"
17246.5866752775,54.5770222361851,199.075098272496,"B"
14235.4985013716,49.1473542750467,202.422889005265,"B"
16633.5080280273,52.8923105568021,197.494426281717,"A"
14521.6085874212,50.9806406639963,204.627982348084,"A"
11404.0787576157,34.8942214028225,194.523919540588,"B"
12964.8370714035,42.1229110527206,204.365514820372,"B"
10773.414378748,48.8586408331749,196.877806597712,"A"
14762.5815659533,47.3527672909224,197.956132370172,"A"
10573.3778657401,33.5661374704999,211.82932982621,"B"
16955.0886795638,54.8411940041511,201.098605375761,"B"
17978.586248219,59.3601488219057,201.934063710777,"A"
15458.6998522073,48.5525743642803,193.547023030616,"A"
17008.8829086978,54.004375479651,201.252417133947,"C"
15730.8265645644,47.3063452874244,198.733437750823,"B"
13129.4233077743,43.0012489334695,201.73161917903,"C"
16598.0538296251,53.4530770208903,199.047794027433,"A"
16948.029084662,49.4339494901449,208.567302341067,"B"
16241.2419142568,53.1785422441538,195.825218441114,"A"
14610.7044403994,44.6052484547202,206.719006376763,"A"
16699.255791213,56.2597538766214,196.273358719498,"C"
13900.24154868,43.8095977312744,202.877946308365,"C"
13051.2594807261,47.9584144158903,203.867441176919,"C"
16605.9415575956,51.0922090052873,203.217367791407,"A"
14220.0726686935,48.0471696573649,193.289276184974,"A"
18249.8031739145,59.8750443641514,198.802398179643,"A"
16152.6910845458,52.7528386669437,199.169147703132,"B"
13964.6086607582,51.5728270248084,202.777446505944,"B"
15873.0740489804,52.0530192913298,195.396419414961,"B"
13489.6440964787,43.308872143373,203.221432649997,"A"
13186.0614253964,41.5276527357143,197.709106374508,"B"
16863.1381347866,56.7510520700339,200.013201021253,"B"
17145.2849409,51.4357998845995,194.343216959297,"B"
16550.654832623,49.6632769407675,207.100465421885,"A"
17398.9698527615,55.8501106087699,199.068227723072,"B"
17639.2290904486,57.1369436589101,200.34039541533,"A"
14490.87561923,46.0315267836722,201.918568373988,"C"
16916.5300798935,48.7478725005813,202.555333096062,"B"
16372.7376046453,53.2061448136163,200.705327372845,"C"
13754.8337580995,46.6338204680244,200.436241584536,"A"
14803.7880575033,47.1208035011537,197.373122857158,"B"
16475.505655673,50.0400383902649,202.555593789069,"C"
15777.4510725081,49.0722339234913,199.220131243998,"B"
13188.1470595363,46.6258753173132,194.491880027581,"B"
17822.2939856532,55.9960573946489,198.999403135092,"A"
16308.0797296663,52.7991330728964,196.791981739429,"A"
13380.3805260636,45.3953260617285,198.184898094676,"A"
19012.4952815547,50.9725406645823,201.092765865177,"A"
16366.8594437593,49.5424924181092,201.395336801465,"A"
20043.3229970466,59.7339485580485,201.816395662149,"A"
17360.2426097264,56.0286895474943,198.512226844435,"A"
13637.6376113525,42.0518526541775,194.658442506809,"C"
13298.5730508203,49.5435841662815,203.835665265166,"C"
15105.6481429084,49.228481243175,201.783182159193,"B"
19109.4039628605,64.536326250148,199.7570176068,"A"
16868.5280793822,55.0393383077445,197.577448674989,"C"
15667.6186195417,51.8217518662426,199.16369103994,"A"
11691.0479676227,50.0553990661654,201.178942134663,"B"
15029.6064628434,48.0456599001905,198.817117789412,"B"
13515.0477372714,47.5362996700126,188.844888788682,"A"
15379.9361726101,49.8657903229831,199.582199185158,"B"
11504.4372589757,36.5169685741466,198.951611234287,"A"
14207.803334235,47.2078871078947,205.7206089751,"A"
16166.2176119964,48.3469225403337,202.800947930612,"C"
11202.7578024086,34.9445088425175,207.660762021879,"C"
15758.394330335,50.6205039526479,201.06850966509,"C"
15953.578267661,51.6238734182001,202.064660746636,"C"
18462.622205213,55.2165943308909,199.682070610579,"B"
16089.3998707574,51.9856265964108,200.826729129999,"A"
8643.52152129051,26.2377605026427,198.836720318266,"C"
12476.2465874122,39.5779418736094,200.825533824396,"A"
14343.3004066679,46.553173081092,197.811953103882,"C"
17554.4667589014,51.7351972222988,201.625794316242,"C"
14766.5664717459,44.7738147471997,196.935275426301,"A"
17747.6407938491,59.1735936349807,208.596631430972,"C"
13140.6070491676,43.212961055278,198.73354133598,"B"
17124.8191901096,55.936184906422,199.152154538016,"C"
14605.6472206082,46.277633959651,206.577914440389,"C"
17643.1573554343,54.5851726554999,203.031779342813,"A"
17069.1486190341,57.6687888651734,199.54340830801,"C"
13070.9545789545,42.4430479160691,199.498596794891,"A"
13481.350643004,48.6004662652392,198.748164109845,"C"
15954.2910151312,53.21357865473,199.664098958937,"A"
15113.9101742099,50.9885758581713,203.099780783825,"B"
12794.9452353304,45.9248015571221,192.348449050875,"A"
11038.1234822825,37.2548679618669,196.781233473197,"B"
13488.4934825881,43.8673283216355,199.428824622356,"A"
15133.7997614238,49.821241247124,200.712119200292,"A"
15763.5945536962,50.3615282511309,202.723243524377,"C"
20241.4952890157,64.0209165463647,204.409783255065,"B"
16241.7946030985,50.1553397418548,201.2346838695,"C"
16990.9985646483,56.1834925072072,200.235858960348,"C"
17518.5932156192,51.9255642698182,195.953433822968,"B"
16388.653045371,52.0637979259898,197.979415375027,"B"
19441.720850596,61.503690940047,196.651656668957,"B"
16753.3329823195,54.990536384908,199.574857733907,"B"
15863.7225503436,52.3325643050894,199.66267102971,"B"
12237.2691474255,46.2659955566093,190.085959890919,"A"
14041.104894076,45.0470303479601,202.710618301664,"B"
14244.4175384673,47.5998431944829,200.325352037464,"A"
15258.4450406182,51.5578802840725,198.761382300206,"C"
12886.0762660172,43.9653555678901,203.13203950116,"C"
17378.1486179709,47.6527504067131,201.095847218909,"C"
14009.4726183608,49.1997520561964,201.501988477913,"B"
15010.4727131956,52.6199765035666,199.495671510291,"B"
14675.4966073359,47.8982485530104,201.356163770162,"C"
14789.4115956003,48.3982222706396,200.160196609304,"B"
14877.8298109715,51.5877833840752,198.655015413832,"B"
15665.4272820038,53.6658204143217,199.323362677735,"B"
21229.9540274563,71.1879373470003,194.796355162094,"A"
19756.571472982,64.2612731871476,200.368945155339,"C"
15972.6908513024,48.1369601594582,200.11617332869,"B"
15092.258473091,47.5273701306257,197.716460783316,"B"
12452.6904023912,43.3221032678101,201.499124012911,"A"
16428.8944230914,50.1617642789002,204.487004126986,"C"
16882.2041046304,53.5758236753657,202.946542443812,"B"
16297.8516148443,50.8601331400293,200.749169034041,"B"
14990.476063952,53.9004969475937,201.795982971975,"B"
14764.6932225171,49.3032846110409,195.083054382515,"A"
11995.977724916,40.9872002099963,193.287925059778,"A"
14090.5149300238,44.6772181104003,199.826019383085,"B"
16655.7272806554,54.677101160802,201.126273295624,"C"
12846.212590761,47.4382942102468,200.379636509846,"B"
15785.2722516564,51.3303770457505,198.565039390298,"B"
15514.0525363326,49.0892911474019,189.798836844967,"B"
19026.7621648462,62.6602070436777,200.368114568557,"C"
16678.5782289553,51.9207864896887,197.681341064863,"A"
13442.7818841677,45.9651910613931,206.723711633832,"A"
15691.3617790882,50.5791567781121,198.178259064107,"A"
13708.1325288629,42.2285280485363,198.358646671623,"C"
16577.5765855202,53.9555067879275,200.222090806118,"B"
13241.7462787439,43.5834394747803,202.238452233834,"C"
13238.7095151742,47.9355022916269,200.457056558487,"A"
16787.8858521592,52.6425293315097,201.45811841851,"B"
14403.5081123127,47.3836462168855,199.427192700897,"C"
13436.3319592432,42.5298237816062,200.215557836911,"C"
14719.564947863,50.5369327950964,196.3537313493,"B"
12871.8737826124,55.3301751231421,195.839661030207,"B"
14440.3763125831,44.7662932973923,206.669967687429,"A"
17349.4672074435,54.5378075646585,204.4196977545,"B"
15997.5029264994,51.3174775717813,200.722827493441,"C"
17212.6487266462,56.6189643177207,200.9733819191,"B"
16467.1611773682,49.8623130939489,201.804325041529,"B"
12115.8777369818,40.74980892189,202.599932509215,"A"
13424.2017571959,48.5981631498419,194.820157327859,"C"
13598.6487899987,44.3208073626674,200.181988047977,"A"
19350.9188022387,58.7529373125614,203.297078131603,"C"
16624.825834979,49.842355130222,203.000152463457,"B"
15597.4902440643,50.2739954513405,199.317771111933,"C"
15945.8188594802,46.2802585067596,209.675081245941,"B"
16617.8118994828,54.3656860970081,196.566733152611,"C"
18022.0506024215,61.1975847382504,199.072612116641,"A"
19094.2829566343,51.1160987839725,202.11373137137,"B"
15041.7299269842,50.0626761022263,195.529927194119,"A"
23730.0922505295,74.2023360601134,208.310040787175,"A"
15332.6151568808,50.0203636576006,198.08400839533,"A"
13424.8564234343,41.9237014009895,200.228978596523,"B"
13861.6167739451,48.1677125077286,196.575150676398,"B"
15380.0020979312,49.3656968208393,201.060266588012,"B"
10161.3556187907,34.4913094875656,193.061259005079,"C"
13108.2838901572,42.519008520636,199.013798952535,"A"
12590.8618935744,42.1381111220121,199.054770182271,"B"
15212.8064697661,53.3926229234154,192.963190770627,"C"
15378.2726453201,49.8368543306436,200.428311267216,"B"
14696.4834381873,42.4994069739231,203.748157195126,"C"
16119.4849330114,51.2647003739085,197.73675412344,"A"
19659.1773991833,61.8643839790703,200.362433954987,"A"
14102.0875867712,49.6455416972548,202.410352025686,"A"
16771.3228301369,53.5279820664351,198.403350743404,"C"
14262.4323979557,44.7812692030115,202.379402598859,"B"
15220.7808717618,48.3358041184891,199.941508268822,"B"
11773.3712634392,37.3805554485048,196.346514281176,"A"
12314.0209467789,43.6079489930147,199.540042251817,"B"
15397.4846701487,49.9891260369332,199.081413026539,"B"
15398.3664826656,52.7257601467029,196.453129650681,"A"
11035.5899007798,35.8408764620002,200.519578139018,"C"
18011.7143683226,57.2703322457366,201.323397647168,"B"
14517.3578147472,50.4301885348074,202.432785667478,"A"
18617.513546319,56.3863486445895,201.053889158072,"A"
15005.6287726457,53.7498926847914,188.751151675386,"A"
16931.1125005621,54.520974675001,200.707769781761,"A"
13397.3858094014,45.3783411888088,196.830426476727,"A"
15258.9268603736,51.4883225963843,201.250251408276,"B"
15459.5608968678,51.289298330934,203.119114913062,"B"
14808.8076369438,48.8321104020628,198.236562965617,"B"
11309.1035685696,35.6683360155567,196.911818413626,"C"
16222.9963054825,52.1539119928874,199.962889137509,"B"
15671.29672862,52.3342142511508,197.9630019839,"C"
13612.459124022,43.358662787613,203.506250625822,"B"
18696.6449052384,56.156565778742,207.880538734775,"B"
15000.5852354241,48.4804569648846,200.538550397511,"A"
14228.364743674,48.7614942472157,198.14205804302,"B"
15966.978370871,53.5106136770146,193.892622177098,"A"
14995.7174620441,47.7094106894261,197.215857115073,"B"
11361.7740809573,36.5628450968859,202.99597917044,"C"
18930.4892268606,63.8005835021892,197.913694791922,"C"
13878.0066222602,42.6953580884135,198.629358696723,"C"
16857.0894348665,49.5428517898447,201.686360841989,"C"
13709.2057423314,45.6673507602758,199.350560302991,"A"
16098.4668870859,53.3379544452029,200.025828194424,"A"
14394.7534787442,45.0927428343395,200.949104150539,"B"
16400.3526857708,54.4450634739734,194.978296034554,"B"
18779.6455716229,53.5981089795011,201.398149364725,"C"
16347.2187676787,52.2262512066394,203.739330124116,"A"
12003.8935886813,38.6947044832618,199.321379538558,"C"
15826.6926771882,51.1626566167294,197.956962472115,"C"
19001.2957631054,59.2293570693961,197.883812651197,"B"
14413.2032256897,46.645011866378,203.638079856453,"C"
17316.4754572831,54.5240228573407,200.608019775126,"B"
13661.4247015175,41.9178201032322,197.474468287775,"A"
14529.8921998261,47.2631702528971,199.004426491283,"C"
12879.2169389016,45.7260186502376,200.906767809063,"C"
15350.702640941,50.3224670946651,200.371229469916,"A"
16081.1925517196,51.7865195348712,203.89890439759,"A"
10180.5658107165,32.1237104651368,206.353117817823,"A"
15193.9958819192,49.644690971816,197.830272331565,"C"
14005.5676842265,42.5645765444237,197.877402899975,"B"
14455.4523368135,48.5665648612803,194.668740397823,"C"
18875.6537484693,57.6472500581725,206.098445912644,"B"
12114.199432632,42.1050690381361,187.761681816917,"B"
15049.8672830741,50.7362296266711,198.146691951541,"C"
15379.6840927483,45.5762586192155,208.466749745143,"C"
15234.592623268,50.1932536057282,200.165377831347,"C"
14455.2131863613,49.1011242115443,194.17580346832,"A"
19340.7508839667,55.5358227617198,214.177347323257,"A"
13346.4996001295,43.58076330312,200.825048378453,"C"
11512.2147842287,34.5793764177899,197.92517422893,"B"
14654.8981605777,50.8779678460896,198.205357531513,"B"
14465.235280811,46.0597714099242,198.731589124378,"A"
17672.7610514151,53.0650311164579,204.759525000086,"B"
12850.7523025156,40.6544478535734,200.130020563147,"A"
18052.210061175,58.7872481659424,195.456977837869,"A"
19042.5567033444,51.3290094509215,195.598519018169,"A"
16369.4263835214,52.7828161633325,201.886562172521,"A"
14163.5947081199,44.4944937140217,203.721141424738,"A"
17200.7819871276,56.1675092509985,199.254283977131,"C"
16646.8796200215,55.8310443261009,201.580184866085,"A"
16048.9957081359,48.9285299139525,195.161769550031,"A"
16031.6523058474,52.459711068333,201.521203495629,"C"
12427.822682716,46.5301626784056,199.519968531687,"A"
19818.1990361676,66.2892012737537,198.645651875804,"B"
15543.8068946693,52.0407834020501,200.165452567188,"B"
17822.475278607,48.9165706929998,201.388926198626,"A"
16113.1406364759,53.6543305278249,198.48860907124,"A"
17528.5001590132,53.2899246419616,206.246473822947,"B"
15055.8050920452,49.1999830167391,199.249791894004,"B"
14797.6789102333,46.7847375133867,197.634470644581,"B"
16571.5328787967,52.205209185344,197.066942692926,"A"
16401.1765648419,52.842915029586,198.357438783321,"B"
16172.6414650515,54.7036255887892,199.430166571325,"B"
11307.9678420804,36.7195085978565,199.513733819018,"A"
16986.5190529646,54.4221203595414,199.039137933483,"C"
16697.8228741855,53.1147226995767,199.078287886655,"B"
15300.3938121341,50.3254214450235,197.948106842042,"C"
15785.871271122,56.255837617711,201.225190768003,"C"
10145.9261468762,32.9393722663416,199.499264337535,"C"
17169.2936841289,53.0324618685994,199.322369932174,"A"
16076.3961786314,45.495728774633,186.585505083443,"A"
15608.9286537045,48.1693929423732,198.539824342011,"A"
17539.2997558506,52.2667005038354,207.654983319341,"B"
14874.9392286864,46.4085351575365,201.203021061413,"C"
16591.4938639414,53.9384108945032,197.910136942574,"A"
13738.8549473882,50.0431665692939,198.748629493977,"C"
16564.3084544197,50.737481675977,205.884935455421,"A"
14653.4613100668,48.6693919756849,200.868090568956,"B"
18056.7302723306,58.2164408469771,199.291569377831,"C"
16479.8049620953,52.87857307937,196.811340410301,"B"
16935.8649602524,51.8612454823454,204.236112354808,"A"
15225.7866289511,48.0648839719537,202.410162218736,"B"
16046.4501516719,56.0314854903822,198.166732959339,"A"
14196.7327743265,46.7315555470355,199.522918779579,"A"
15633.0501317438,51.302777198742,198.610486271176,"B"
15292.6174256108,47.0919975814831,203.138983438856,"C"
14384.2926189686,44.7275647730611,201.24122770487,"B"
16009.4608735712,48.8283281784013,208.073119379925,"C"
16169.8358338795,51.7212067450322,202.433350541763,"A"
14101.2814159596,46.8491047794279,201.19434056964,"A"
16570.0138625196,49.2312249789742,203.220006067539,"C"
14592.6246656257,49.4986262264049,193.828933438509,"A"
13338.3174457601,42.0653876470634,206.140319870096,"A"
14389.1841602379,45.773445825573,200.773128931093,"A"
17051.5998334383,53.2758077424315,200.184875996632,"A"
15539.9179980135,53.7119549645055,189.574276904096,"B"
15121.4576876471,50.1432114997869,197.638090012027,"A"
20173.7561504131,58.1475057796921,205.093982439226,"A"
16631.6755816005,53.4487061481131,200.477370390997,"B"
16614.8698749681,51.716244737233,199.56802779554,"B"
16327.4391845591,54.9320412343819,201.467932784113,"C"
15035.4801742433,50.5784465325596,198.08488626387,"C"
15593.3337345972,53.2830988380679,195.837023937905,"B"
13009.420229166,43.136376887641,200.852383819986,"B"
18656.9374970801,59.8919999051209,200.471021879267,"C"
13933.2637974789,46.5065577590479,196.096583304365,"B"
15152.1418359684,49.9766523819302,198.337120244915,"B"
14731.6768856977,52.2994938133679,192.640622419112,"A"
15635.81364261,49.861668832977,200.099025320531,"B"
13645.6366904724,43.248279112786,197.937549403215,"A"
14837.4886337566,49.0289650507598,205.481796011944,"B"
13706.8997146802,44.8268779786116,195.440475858272,"A"
16838.8289133171,55.131507497942,196.807184186155,"B"
18249.1776439021,60.4120198414184,199.19943371995,"C"
17792.7567155137,56.9901920851311,200.076340856108,"B"
15191.9368269425,49.4759123703723,209.247891926411,"A"
17307.0927678255,54.3280744849645,199.405148286343,"C"
17557.2318104416,55.0539448801853,199.098986359697,"C"
15729.7856298809,50.6709733541164,200.227070973679,"C"
14189.050848048,47.8641132500743,200.093386183746,"A"
14768.3072608091,48.0322131731402,198.792646383091,"A"
13263.4729121803,43.1516342664932,205.520604031381,"B"
9025.89134189236,27.0620822821531,201.170199134861,"C"
14123.3715402119,44.7125015546535,198.111712472628,"B"
15746.3139938196,55.0292273456502,198.780532961903,"B"
16960.5202460758,51.138314739754,192.382462369615,"B"
16080.9645206634,52.5730377815626,199.878634792981,"C"
13032.9746695827,42.5403077917327,199.338372052329,"B"
17606.5733184051,57.0561249472607,201.800491867641,"B"
13255.6711353067,44.2400636265689,195.861024915652,"C"
14712.2276362522,49.1311368566506,194.624172266007,"B"
16246.9433836029,51.1243801712107,204.386887197877,"B"
16176.6389830271,52.3767645073646,204.476280187426,"C"
11936.0009303691,38.4945932758678,203.035251449895,"A"
12406.6870854723,37.2149044250789,200.718108611793,"C"
16908.5125092584,48.1251006341724,192.286943461418,"B"
15616.9618102582,52.495768462576,195.527989182638,"A"
15220.1719165629,50.0357674754866,197.955406282569,"A"
16488.3348337499,53.8462507224365,199.721473706925,"A"
14839.8011051806,46.9302083144536,201.029353853614,"B"
15823.570026063,51.2873752886376,211.038079308036,"B"
15190.8542905892,46.8697233604613,196.707902629831,"B"
10123.2167506871,32.0609168723176,197.880661909583,"B"
18104.3829437508,57.86661393987,199.075859717826,"B"
13205.953003057,45.8176383665973,200.133316531601,"B"
17321.9720917708,50.3587935571589,203.429115793035,"B"
14159.8924928805,46.6899047393632,193.934562327987,"C"
12383.4035425621,37.819116630089,212.511861164631,"A"
19033.9634623727,63.2917649326253,199.810231796025,"B"
17646.3148968549,55.4570655970805,201.963095331951,"A"
16310.7149975671,51.841943073891,199.272622155854,"C"
17513.7005825536,55.7046198802234,202.067021675749,"C"
18212.6125052744,63.3472737282446,207.1117343784,"C"
15067.4210914722,47.7799057485431,203.755342345237,"A"
14755.7466851215,50.8470539947612,194.846328061187,"C"
14443.8300352014,45.0543478430292,198.37132643952,"A"
14535.7418586869,46.6388781228511,197.426682802158,"B"
16332.4342387575,53.1256236622197,199.018955352655,"B"
16435.24572131,53.6387089633155,201.035855901747,"B"
14531.6054741794,46.8143930153321,205.030050662473,"A"
15709.7553063528,50.4620438062822,207.125775638976,"C"
16004.5986689295,50.2891495758833,196.738164455377,"C"
11457.6676548961,38.1450919643128,191.539241246539,"C"
14167.8934967196,47.6619134513754,198.31803464715,"B"
11377.3115013986,38.2553146221324,197.528155667617,"B"
14448.4273261655,50.4858060198588,192.914478616189,"B"
16311.7033398463,50.2184322569208,205.483478538143,"B"
20325.9303201563,69.4629090561709,188.846642793115,"A"
14129.5941068288,46.9377693241057,201.221929844377,"B"
15314.0619047105,52.0753903995233,200.807035659237,"C"
16727.6332611723,51.1765439886491,197.735702956445,"C"
13725.0662791194,44.398581839559,199.421569044192,"C"
17192.4582400507,56.3706172023183,202.851323788299,"C"
11411.4396842466,37.8365543574338,199.181947795416,"C"
16820.406815215,57.8979537625447,200.16956181013,"B"
14046.643532802,47.5121399755463,203.613317226065,"A"
16383.2172624744,53.2795403002595,196.573510438794,"B"
14161.7274712157,48.8422538947935,196.129680807279,"C"
13314.170135123,43.6929681993318,196.051817875367,"C"
16307.2134953932,52.3780371464983,201.755853371017,"B"
10801.3529141248,50.3159333486623,195.807417335177,"C"
16182.727787386,53.2041502473745,191.657841383775,"A"
13419.8634484796,40.7480810957898,200.329811284002,"C"
19981.8417074558,61.4510780562471,205.246898962053,"A"
17846.4657245883,54.4538751017121,200.659670605521,"C"
15613.6456385882,49.8207935924191,199.557422022554,"B"
15345.9322952522,49.7274022108059,199.363390399024,"C"
16497.2052439926,52.7236726466735,198.471773105866,"A"
13995.2561217578,43.1380792915058,201.780924069122,"C"
16095.139862404,52.2797534065798,198.781863293903,"A"
18775.0009840404,51.5464857626335,199.83813102914,"C"
15492.6440964905,50.1779987053574,202.181481601069,"A"
20818.6925812664,68.0187737374064,196.697614352474,"A"
15317.2049275762,48.0026966839356,198.451214196055,"A"
17220.6811500631,55.1777529450605,197.506762370458,"C"
14937.3087981943,51.0861417468712,196.393945700729,"C"
14252.7426631638,48.405178501617,194.186213556125,"C"
12990.698923801,40.2034640731471,201.223950682632,"B"
13762.2005205513,45.7740397131255,197.840759622707,"B"
13559.9787612327,44.025956840199,197.656322936157,"A"
15285.2614058881,49.2691900989132,199.581706207833,"C"
13809.522420687,44.6853838149553,197.03226394952,"C"
19486.7643532409,64.6479481824128,199.794958827819,"A"
15864.4492520762,52.3828692201559,197.726294292659,"B"
17834.9034068861,60.1822315386062,199.996297388292,"B"
12777.9946673253,51.9657814366012,191.712684256169,"B"
14982.1392193905,46.7755788913518,196.655431759666,"B"
21195.0003728386,68.750442287127,208.678825072966,"B"
18785.9056376372,58.4753490516841,202.766342323944,"B"
16794.9469073799,57.5165799073772,199.041341746562,"B"
13784.5447899271,49.1040926036028,200.452428271474,"B"
14096.3396767723,47.4263812791759,195.423307284559,"C"
19994.6149094393,65.0200409841755,197.689825405014,"C"
11409.2745338362,37.2361179041291,196.02972111857,"A"
15862.0197719845,52.276715704158,195.346161468322,"A"
17618.5682891607,48.4266472258768,201.893985107308,"B"
14992.4423856694,46.8056549993527,201.216129281126,"C"
14276.1244810176,44.5069139367149,197.576664536356,"A"
19067.7305386237,61.6316077746551,199.274171484286,"C"
16289.8586912628,52.0425899319211,198.719945386016,"A"
10159.6002277229,43.232766067551,200.01056669083,"A"
16787.6977275885,55.7706455447619,203.611649937905,"B"
16583.5576833101,54.0231811322131,205.818261909886,"B"
14220.0288335664,44.115702964683,202.691173526978,"A"
16055.1092915911,54.4577400293631,197.713350558152,"C"
15077.1338861705,45.5182157428265,193.59411449045,"B"
14167.7965283232,46.2203806375437,198.810129927687,"A"
11431.9992344311,37.5864846607665,207.131166980662,"A"
14801.8304165418,46.4572848165128,201.225513357725,"B"
17129.1075882927,52.5012101653494,201.328057885047,"C"
14043.4267434291,49.0938924443284,196.287060636209,"B"
15026.8412859613,51.7628764855102,197.958667310398,"B"
10595.8589578783,35.9848016879382,207.30775579768,"A"
13573.3831790022,41.6776733876875,202.659508377618,"C"
16806.1185720781,52.5561619582912,201.378439573156,"C"
13737.4976048693,48.3937662895332,205.762718633279,"A"
14978.6654898541,48.3232353698478,201.350168578102,"B"
16074.5103020518,50.618003937546,199.351758913284,"A"
18026.6451194504,58.7770290061877,197.487010620417,"C"
16005.3718885681,54.2577740919644,195.969369262773,"A"
17320.5166838865,54.019859269516,191.934599476992,"A"
14965.0226647122,49.217986291267,197.294298985639,"A"
18001.2397085495,57.6248149121525,201.22276103034,"B"
15030.3344574104,47.4322697339586,201.020659772033,"C"
14805.9959346528,46.8490155072588,198.688534802677,"A"
14930.1208763099,48.7889142977507,203.086952173997,"A"
17561.393175104,55.3686059345681,202.940082634258,"B"
12823.124279965,45.1011733487101,192.118326528348,"B"
18304.5913752349,58.9767653786197,198.214852631475,"B"
13953.8169715511,42.602321643575,201.939446218945,"C"
16921.5469023788,48.5832318102821,205.322786121976,"C"
15590.338477396,55.2784880264278,193.532298669361,"B"
14293.7600024906,46.9322820836078,192.793445291089,"C"
16256.8314743997,53.4797246695054,198.33082977902,"C"
13161.6554977481,45.8114893734297,202.969149571335,"C"
12041.3758884219,42.5067041706581,200.160720710483,"A"
15135.8720571025,51.2839084298147,207.92828440646,"C"
13667.7057185633,49.082011252396,187.801075109469,"A"
16318.5882763658,51.9412473073957,201.752148566545,"A"
14131.4609463718,46.5291700967402,200.142183557963,"A"
18176.6684928307,49.6274004645923,200.766137409172,"A"
16316.0892505205,56.0878638099922,195.376959516527,"C"
16191.5728819303,55.2132772262703,203.995057773529,"B"
12940.6384048169,40.0910306165489,200.437333638762,"C"
17336.5061956985,57.7907263032221,203.013738888902,"C"
18172.7930978857,52.2130639059404,203.311628563905,"A"
16144.6486629283,50.6828982082698,198.46550277694,"A"
17892.6223932491,59.5533459867298,198.999162113065,"B"
13337.3193946624,42.529075725468,200.726771065554,"C"
15882.44717518,51.9252641048502,199.538114077907,"B"
12494.1025003121,48.6885059738514,203.087305047655,"A"
16697.0261746612,53.3045871590135,197.42222083316,"C"
14964.8228381813,46.4847005648445,201.923663989992,"C"
14283.5579896913,45.6823246746904,200.453916956785,"A"
16848.5479344655,51.938058345012,201.133410401131,"B"
16270.2077565924,50.591459363176,198.552246534798,"B"
15818.9814071958,50.0559931823388,205.139987857548,"C"
16512.2298931665,53.4117241461301,197.373885703601,"C"
10917.0683217298,34.5161551979875,199.757455889432,"B"
12088.692241803,38.6297921236612,198.569480420693,"B"
17025.423398879,52.6283983358666,205.021898341452,"B"
16049.2741398842,50.7412985536051,198.984846417235,"C"
21776.1792469511,69.0766818073018,202.823998910884,"A"
14149.6823936303,45.0103856284486,197.764869077402,"B"
13304.3909189985,40.88359078093,198.26912996914,"B"
18344.7610640863,51.0863594379273,198.014106717523,"A"
13661.7717356562,45.9397138079239,200.754957588196,"B"
13718.6648189281,40.7928980488138,202.846058420111,"A"
17735.6916218903,55.8651725061367,200.582938472057,"B"
11412.9459695067,37.9282505803081,204.188173609416,"B"
15934.2368669183,50.2222803483495,198.195109606051,"B"
15670.2664613127,53.3961797132555,202.901775603213,"A"
17824.0324846281,55.7884608807215,205.171084590696,"B"
16714.5384770597,55.2345030750994,196.985844084319,"C"
18173.894947658,60.698876251879,197.841902381515,"C"
13775.9546029392,48.5544700467342,199.475875831526,"C"
16916.1710455736,50.6828862184171,202.350140631565,"C"
14653.2707105544,49.6430490954027,192.574064190773,"C"
17043.956183363,54.1567243290105,204.83188106621,"B"
17227.9132172956,57.2299072160937,196.883225158489,"A"
15928.5080507198,50.5151716652333,205.342063496112,"B"
16392.7846758706,51.376821534545,202.08065893587,"C"
10887.9251726535,38.6514735140248,197.406844279124,"A"
15072.3389870792,47.471403978591,201.153926453619,"B"
17999.0654628973,55.6227402899078,200.209891000599,"B"
15214.896950821,54.1437290114951,206.275785031676,"B"
15669.0524142765,50.6531320250545,200.598115830016,"B"
16687.0407300392,54.7457294354023,204.873432886201,"A"
16909.5748149429,53.6433105632088,204.772209103807,"B"
19337.2062226401,62.3935993731255,198.954105271199,"B"
14782.2831892227,49.3549523976651,197.698114618454,"A"
14469.9961595071,47.1321984643998,205.149849558385,"C"
13436.3168483445,43.425036033353,198.487663608764,"C"
14961.9983196069,47.8855241746627,201.66697462569,"C"
13983.1251673833,47.4651253877193,197.5171643191,"B"
17138.3156459535,46.6751997301699,205.289036493672,"A"
16427.2331848841,53.1840799243525,199.130622760699,"C"
16696.3217155876,53.0241648316286,200.939921937873,"B"
15302.5997357014,50.4526392113297,196.795482550674,"C"
17809.1853469338,56.1708372608229,204.040670479782,"A"
16063.0505236918,49.8584080877629,193.48176740853,"A"
15470.70513687,50.7547649675943,198.20391687183,"C"
16074.0504526718,50.9040959931585,202.01822890232,"A"
13547.9057538417,42.9400867534236,201.410738255297,"C"
12672.4012738798,39.5188043772569,202.972459701644,"B"
15788.2906469487,51.5597003559933,195.938098838564,"C"
14376.4596299568,46.2450334743241,202.110537566245,"B"
13021.0201337879,43.0318317022268,203.940334361911,"C"
14547.3748831386,46.8023486592465,200.572227467799,"B"
15227.4159183924,50.839631520144,202.135880814739,"A"
14984.1285485011,51.6315500995829,190.890601626518,"B"
15441.053890903,53.6600516321208,198.852019211216,"C"
15978.1380161533,55.1867020682108,196.43778918487,"A"
13090.4590285479,43.8609635046378,197.181038434439,"B"
13146.1958801186,44.7143862065691,199.013119913791,"C"
11565.4536785841,52.3083893696264,197.72902426987,"A"
17100.2332796051,57.8234198155502,202.730511979081,"A"
15070.1807562543,49.3709407931321,193.422938492458,"A"
19904.4291839101,65.1197207719737,200.527225978621,"C"
16813.228377149,57.3941738151155,196.521281830588,"A"
15911.4302279328,51.4365256641121,203.577617133779,"A"
14883.2327920264,47.9447085041408,203.044983599179,"A"
17646.4946383516,57.7268886582004,200.715426741625,"B"
15665.5450756984,51.0042837207891,200.657967517349,"A"
17423.1058030721,59.0284508079456,195.497193911115,"B"
13629.9373133215,45.5995478858013,196.66738110777,"C"
15694.2755321225,50.2204076187395,197.800578718605,"A"
14086.4897653255,44.7527704245275,205.184398780547,"C"
16956.1067334275,55.5145494430368,200.3483244351,"A"
16199.157958555,55.0186527068306,197.291706855621,"B"
12367.4250753831,47.0003609625174,203.158706551352,"A"
14311.0440753541,47.8365253702589,198.533414291488,"B"
16541.1962466705,49.4541074995145,204.394662998189,"B"
16730.8995775626,53.6304640018042,202.845886357701,"B"
16210.4658966907,52.0767361765447,204.174996640203,"C"
15485.6115933157,50.984978894269,197.899244501604,"B"
14751.4135276578,52.4193760164118,198.749615368284,"C"
18159.515835772,56.2309909653503,194.902142277735,"C"
16946.5549576919,54.0738312101797,201.949321699132,"B"
13553.8901324655,43.8264964206219,201.929200169767,"C"
19522.5437395204,50.020907465802,205.014036342627,"B"
15742.5657749779,50.6575656957186,205.830500183815,"A"
11670.7728147619,41.2347634291539,197.432120491937,"B"
15502.0380892027,48.6569617744821,202.776952045329,"A"
14276.3182252252,45.1979861656943,201.500863629685,"A"
14333.6906629104,47.2975242853543,197.551953542113,"B"
17284.6381881186,55.8940202748078,195.873089497857,"C"
12242.7853927552,40.7374323744991,201.09561007709,"B"
16939.2369479017,53.9893265598534,198.570125331687,"B"
14640.5810198132,45.5664621878989,201.419468025014,"C"
13475.1154521742,50.4964435319278,201.63419597527,"B"
13615.2515991911,46.5107910233931,198.243996703877,"C"
15457.2981486821,45.9226142623174,203.451646272523,"B"
12314.9638740266,39.0721098064988,200.133824507102,"B"
15939.811774813,53.4403037939053,199.48002855784,"A"
12878.377938923,55.2744528887024,204.013186755114,"B"
16630.8906844486,53.7447811061665,205.465253222638,"B"
16676.9770435965,53.9316224250651,201.896595280589,"A"
16829.8015249132,54.7177879123556,199.798011820815,"C"
15403.8406213413,46.197446482179,201.670452136474,"B"
14061.8234296206,52.3956067707646,194.062259171484,"C"
16849.4210269613,54.349251551509,199.915450876207,"C"
16333.7277328762,49.4178369040886,201.700252835244,"C"
16130.7134305629,52.2663088563283,198.76015765889,"B"
15391.71916702,50.9169084559715,199.301330785495,"B"
16234.8886501779,50.2011427135143,195.047987693294,"B"
15969.5984797371,48.2957919581867,205.031490440345,"C"
15701.1537124927,53.2167190603129,196.537609605575,"B"
16074.4716133644,49.8310908096823,204.99061871799,"C"
19341.4623831079,61.3170100477293,202.920114715938,"A"
15304.529467588,51.372943222878,198.582738589449,"B"
15712.7029643234,52.8154499155613,202.180955282142,"A"
17476.3111870551,60.2021518909731,194.332565364181,"B"
15714.0966358274,52.2284356761755,198.724126341834,"A"
13752.6985575642,40.3230841567125,200.695696595931,"A"
16730.9427346465,50.4775008130906,191.788307959501,"B"
15073.9676591496,49.705674902876,197.352140993524,"A"
11262.5496951127,35.5956250502943,202.663972939235,"C"
18181.4133442016,58.8354745097573,196.425381176977,"C"
15854.8688242162,49.6187465202518,198.632134110694,"A"
18435.9224636603,52.3088940911412,204.151617470625,"A"
14697.202950469,47.9020426346651,199.735450200849,"A"
14585.9139385003,51.9808141075243,193.12559327949,"A"
13902.6285865164,46.7526896102659,196.718347340311,"B"
14721.7951318767,48.3817902694537,202.830586212604,"A"
15401.4370073152,49.5980335063231,199.401719280983,"C"
17186.7404687116,54.1797742989012,197.673325193388,"C"
18996.0231371568,67.128151715546,193.435386051718,"C"
15545.5057552073,49.9495090487444,197.702637352399,"C"
16351.8529791719,52.6145980300317,198.155714905655,"B"
15261.3396521317,46.8654365807011,199.516771339616,"A"
15072.2817638038,53.746590358979,191.340230132514,"C"
11006.1760162023,39.1775097788141,196.101816040672,"A"
16806.3509704844,54.0269605436399,200.512591324365,"C"
14809.4212180373,51.8996987889137,199.470176161617,"A"
15911.2578495407,49.3275622989766,196.307944262541,"B"
16525.1302612957,51.2064367891463,199.757614752031,"B"
16128.1446758268,51.6633275101817,204.614432077602,"C"
14492.3320833742,46.307520270029,200.634762261599,"B"
18576.7280029532,60.8872088610787,197.750976713036,"A"
14872.1306697951,49.2612538110184,203.576483060784,"A"
15407.2184061176,50.6009205988239,197.704385778497,"B"
14542.3765207402,47.2590246887053,198.95822898777,"B"
15317.4648807201,49.8604316965198,202.96358065049,"A"
15831.36065133,52.8055805860419,198.238367557083,"B"
14225.2809189334,48.9585853638986,200.342914455986,"A"
17162.8875216911,56.3153522280843,195.464961284714,"B"
15279.9339811938,51.9458940876518,192.876945895162,"A"
16605.0856080664,54.1139337835263,200.905069758299,"C"
15245.1080976587,51.5721434654144,200.796195747484,"A"
14279.9782548174,47.4962774097943,200.433310193971,"C"
16072.9718115076,51.909716475268,201.76553593631,"A"
18096.2884764314,56.3599520893695,200.596395687602,"B"
16999.016903229,55.2495376657477,200.028574264211,"B"
15186.4920842578,49.5753215632054,204.042866245103,"C"
12382.6628302724,48.3352706039152,189.918184736728,"C"
17973.0976601992,56.595702228788,204.413226072082,"B"
14084.8525800498,50.7714917840635,203.787215315871,"B"
16831.4336016692,54.2256580290673,200.199249778138,"B"
13318.2442908039,45.0108024468712,200.57273111872,"A"
20748.4703877937,52.4173106084431,201.119543323545,"B"
15844.2678075937,51.500308434859,200.636672573553,"B"
14876.966452259,49.6623406560153,202.62627546719,"A"
14579.9621459929,48.3087680951098,197.621722604137,"A"
15444.6705365672,51.7778485535396,199.325571773312,"A"
17724.8092150332,49.822846567115,204.681747721378,"B"
15271.2653844869,50.3103982937041,200.033677194045,"C"
14010.9576508947,45.5606726020363,204.18378121789,"A"
15045.5053169976,48.5734345212481,202.037366541707,"C"
14108.5905815397,46.8646978653528,199.276913016402,"B"
13459.8798276785,52.4849651269064,199.375441708225,"A"
15757.3958365915,49.8636782821043,203.495460528249,"C"
16583.029036428,56.8922113510608,197.474119794452,"B"
14750.37680735,47.6512320679107,198.821620446399,"A"
14509.2551705889,45.7783567970984,199.333945009172,"C"
13114.3643747907,50.7893177189161,200.541228298711,"B"
15526.6442662859,49.1609357541383,200.265041474305,"B"
18721.2631871024,61.6822675205738,193.505419468201,"B"
13172.1173805927,41.9626814341348,201.873084475361,"B"
16076.5949743012,48.7358350369473,201.979287001593,"B"
18469.3811367824,50.3817030023937,204.817378673046,"B"
15636.5442928627,52.1891407262784,195.619730990628,"A"
12352.864884494,40.3930503855817,193.462813197186,"B"
11905.8462026849,37.7025039803952,198.816055401242,"C"
13396.9066986616,42.1506303542728,201.457232257901,"C"
15973.2318842468,50.8304384168545,205.765209164107,"B"
14116.5726468397,47.5048341893924,196.747065404304,"C"
12458.265177923,38.5956783069577,203.116212500647,"C"
15852.2986019474,50.8569281896162,198.682969759988,"C"
15006.8694179581,51.4533778155589,194.393220005844,"B"
16223.9579716605,50.0258806543043,203.628000004881,"B"
14408.5342832504,45.4081290155208,202.295550078806,"C"
15136.8176600222,50.6461316938595,202.1031479839,"B"
17097.0752095166,54.7396485413725,200.095616155951,"A"
15456.1512586015,46.7697295085646,202.172237960778,"A"
14941.5280913389,47.6415077633333,200.496725496667,"B"
15153.215799848,50.3216390370357,200.716966169782,"B"
17033.7942774285,54.9374112346205,209.248017651363,"A"
16355.1481691155,53.6821472667299,200.814639584385,"B"
16199.3813972492,49.5160627165579,200.321061454884,"C"
21042.6884309918,51.3636458921666,204.698915327568,"C"
15793.9983711494,55.0379463295057,191.852181322361,"A"
19019.775136878,60.2827374936719,205.863276138069,"B"
15004.0601254584,50.2440013426828,194.279708022989,"A"
15395.1221447824,50.7716285620126,196.706029394747,"C"
15071.5989873328,54.4064509811129,202.401155670584,"A"
15209.5647466864,51.7741061209466,197.241601826354,"A"
15760.5597488216,51.059693682524,199.373229917576,"A"
17192.4737445918,58.0335527148886,198.949297154232,"A"
11989.6246765526,35.3304505131688,198.558196588304,"B"
17953.3153527059,51.8204331105451,202.522690475734,"A"
15715.0398069638,53.1438771266348,198.804862239881,"C"
17600.867517275,55.2233971072612,197.691116990836,"B"
14247.4914727931,46.601751778539,201.603997625813,"A"
17265.7108152775,55.0170047404001,199.114533831316,"C"
13197.5515654811,47.575657289271,198.11890306173,"A"
15664.7207045454,47.8593475586058,196.808524712824,"A"
10899.2733457713,36.0029737719004,206.063514054789,"C"
13781.0134415904,44.4789355633741,196.858225916001,"B"
12449.7791162596,41.0021124587591,199.881714415118,"C"
16805.2177884704,47.8404410672943,193.390630161022,"B"
15607.497630813,52.2722226328633,202.213906082976,"C"
8308.34609753574,30.8398822842679,191.642538424511,"A"
16422.521917672,53.1254888090453,199.841185475268,"B"
16245.0218786021,54.6882500435484,194.417301217406,"B"
17661.9640470324,51.667097361972,192.358696460688,"A"
16843.5171351971,55.200640149568,202.411216847171,"B"
13866.5112320502,44.1798413105202,201.432928180899,"B"
16399.6167455915,54.391726910989,199.203980102286,"A"
13938.9351201564,44.7907974571812,197.561140298618,"C"
14264.0150392496,50.3586722009353,203.198587417386,"A"
15562.6854056113,47.8014044692043,198.169876648074,"A"
14142.5031890507,45.7221731230362,196.24909768305,"C"
13911.3269980745,44.8987892409622,200.349284071508,"A"
14906.2333753101,48.8489858953139,194.171153311612,"A"
15274.3884168787,48.2241008892681,198.058802264921,"C"
14683.570045267,46.5551063691965,197.64289723391,"B"
14684.1301039158,38.2163215659858,217.905727488219,"B"
17701.5022725299,56.4452336120995,201.718410338423,"C"
17661.2491892024,56.9052174022078,200.882635900803,"C"
13407.8669119475,48.4618493499637,199.437734388643,"A"
12574.4378587013,42.8054013723731,195.844054008493,"B"
13987.0844134577,42.0040850219574,196.101204876606,"C"
15817.2439765621,50.2267268062898,198.489536452249,"B"
17408.1210791766,52.588169722899,203.927138220614,"B"
14089.4582831688,47.6752559322796,185.839219384754,"C"
15188.5520249335,49.6049827285138,204.529160642796,"C"
16880.0388679396,53.6014610943774,196.048494797202,"A"
16335.8052861652,54.7469844185681,197.813543597868,"A"
19315.7511243973,60.8791240444524,200.222797904044,"C"
18025.2061749635,48.5787910913264,210.622834166628,"C"
14698.4965686117,46.0591760203287,201.8127453432,"B"
15809.6422476018,55.2537312813951,196.821110951562,"A"
13692.4854946953,43.5994655058219,197.988522324622,"A"
20215.8916168071,66.2798171168716,198.903497802515,"C"
15317.9096903642,49.4279653507597,208.64799862128,"C"
16165.1813461873,50.621449932362,207.846161005066,"C"
13035.8223592365,42.5366887023464,199.628859175686,"B"
17985.6261525348,56.7224164659124,200.980592101239,"B"
16019.5203143133,54.2485840056319,197.485816529101,"A"
11425.5363498745,49.9075006135875,196.823648506638,"B"
17154.2934612597,56.1128429346928,197.886138680552,"B"
